Sarah,Treanor
Pam,Gallagher
Grainne,O Flynn
Sharon,Morrison
Catherine,Varley
Aoife,Grennan
Nadine,Varley
Nadine,Treanor
Lisa,Higgins
Rebecca,Walsh
Katrina,Shiel
Olivia,Melly
Melisa,Ward
Lisa,Tuffy
Aoife,Lynskey
Gail,Walsh
Bridget,Comer
Michelle,Jumail
Hannah,Egan
Michaela,Padden
Marie,Farrell
Aoife,Carden
Roisin,Hyland
Aine,Higgins
Sinead,Sullivan
Michelle,Smith
Pam,Monaghan
Emma,Gordon
Arlene,Mc Keon
Sarah,Morrison
Lorraine,Mulvey
Bridget,Leonard
Sarah,Monaghan
Laura,Mc Phillips
Sorcha,Doory
Siobhan,Melly
Ciara,Dolan
Stephanie,Shiel
Eimear,Devins
Sinead,Finn
Olivia,Tighe
Stephanie,Higgins
Lisa,Regan
Marie,Haughey
Clodagh,Timlin
Lisa,Heneghan
Niamh,Kelly
Arlene,Conneely
Mary,Henderson
Aideen,Fitzpatrick
Ursula,Higgins
Mary,Jumail
Chloe,Sharkey
Tracy,Finn
Hilary,Callaghan
Aisling,Mc Gourty
Grainne,Kelly
Ebony,Scally
Sarah,Reilly
Michelle,Skrzyszewska
Rachel,O'Malley
Katrina,Healy
Roxanne,O Reilly
Alison,Mc Gettigan
Emma,Fitzpatrick
Emer,Mc Aleenan
Karina,Cassidy
Amy,Lenihan
Janice,Sharkey
Emma,Dwyer
Hazel,Crossan
Nicole,Masterson
Sorcha,Carty
Teresa,Staunton
Fiona,Lee
Shauna,Kelly
Melisa,Monaghan
Clodagh,Glynnmartin
Alison,Gallagher
Danielle,Mc Aleenan
Michelle,Gallagher
Katie,Mc Keon
Emma,O Brien
Laura,Reilly
Chloe,Ward
Rachel,Fahey
Emma,Casey
Nikita,Mitchell
Clodagh,Gallagher
Teresa,O Flynn
Lisa,Mulvey
Cait,McGarrigle
Amy,Clail
Demi,Webb
Aideen,Mc Cormack
Helen,Hyland
Roisin,Mc Gettigan
Siobhan,Doherty
Shauna,Glynnmartin
Emer,Mitchell
Nicole,Higgins
Gail,Higgins
Siofra,Lenihan
Aisling,Cafferty
Hilary,Timlin
Niamh,Gordon
Demi,Brennan
Laura,Lee
Grainne,Scally
Lorraine,Walsh
Niamh,Monaghan
Laura,Dorange
Rachel,Lynskey
Catherine,Kelly
Rebecca,Ralph
Aoife,Grennan
Karina,Heneghan
Emma,Tuffy
Michaela,Campbell
Karen,Loftus
Siofra,Skrzyszewska
Aoife,O'Malley
Aoife,McGarrigle
Ciara,Sullivan
Mary,Ralph
Hannah,Mc Gourty
